{"TimeStamp":"Mon Apr 28 14:37:56 2025\n","Circuits":{"ExitCode":"0","TraceCount":"4","Mode":"SPICE","Type":"TIRestricted","Models":[{"ModelName":"X_M1.DBODY","FileName":"c:\\cadence\\pspiceti\\tools\\pspice\\library\\fairchild.lib","ModelType":".model","DeviceType":"d","Source":"FROM_INC","isLibSigned":"false","isAllowed":"false"},{"ModelName":"X_M1.DDS","FileName":"c:\\cadence\\pspiceti\\tools\\pspice\\library\\fairchild.lib","ModelType":".model","DeviceType":"d","Source":"FROM_INC","isLibSigned":"false","isAllowed":"true"},{"ModelName":"X_M1.DGD","FileName":"c:\\cadence\\pspiceti\\tools\\pspice\\library\\fairchild.lib","ModelType":".model","DeviceType":"d","Source":"FROM_INC","isLibSigned":"false","isAllowed":"false"},{"ModelName":"X_M1.DMOS","FileName":"c:\\cadence\\pspiceti\\tools\\pspice\\library\\fairchild.lib","ModelType":".model","DeviceType":"m","Source":"FROM_INC","isLibSigned":"false","isAllowed":"false"},{"ModelName":"X_M1.INTER","FileName":"c:\\cadence\\pspiceti\\tools\\pspice\\library\\fairchild.lib","ModelType":".model","DeviceType":"m","Source":"FROM_INC","isLibSigned":"false","isAllowed":"false"},{"ModelName":"X_D1.SMTW","FileName":"c:\\users\\hamp3\\downloads\\pspice_wl-smtw (rev24a)\\wl-smtw.lib","ModelType":".model","DeviceType":"d","Source":"FROM_INC","isLibSigned":"false","isAllowed":"false"}]}}